<?xml version="1.0" encoding="UTF-8" ?>
<!--Prolog muss als. 1. stehen, Kommentar nicht vor Prolog schreiben-->
<daten>

  <kunde anrede="frau">
    <vorname>Merkel</vorname>
    <nachname>Angela</nachname>
  </kunde>

  <kunde geschlecht="frau" ort="Mallorca">
    <vorname>Fischer</vorname>
    <nachname>Helene</nachname>
    <img src="" alt="" />
  </kunde>

  <kunde anrede="herr">
    <vorname>Boss</vorname>
    <nachname>Hugo</nachname>
  </kunde>

  <kunde anrede="m">
    <vorname>Mann</vorname>
    <nachname>Thomas</nachname>
  </kunde>

</daten>


