﻿<?xml version="1.0" encoding="UTF-8"?>
<!-- Verweis auf die DTD, wo die Regeln stehen -->
<!DOCTYPE welt SYSTEM "welt.dtd">
<welt>

  <land lage="Europa">
    <name>Deutschland</name>
    <capital>Berlin</capital> 
    <language>Deutsch</language>
    <population>83</population>
  </land>
  <!-- ++++++++++++++++++ -->
  <land lage="Europa">
    <name>Niederlande</name>
    <capital>Amsterdam</capital> 
    <language>Niederländisch</language>
    <population>10</population>
  </land>
  <!-- ++++++++++++++++++ -->
  <land lage="Europa">
    <country>Russia</country>
    <capital>Moskwa</capital> 
    <language>Russisch</language>
    <population>150</population>
  </land>
  <!-- ++++++++++++++++++ -->
  <land lage="Asien">
    <country>Indonesia</country>
    <capital>Jakarta</capital> 
    <language>Indonesisch</language>
    <language>Sundanesisch</language>
    <language>Javanisch</language>
    <population>240</population>
  </land>
</welt>

<!--
XML - Abkürzung für eXtensible Markup Language. 
Ein textbasiertes Datenformat, so wie JSON.

Die Daten können in einem Texteditor bearbeitet werden und Computer können dieses Format lesen und schreiben.

Der Vorteil von XML liegt im ersten Wort extensible. 
Diese Sprache ist erweiterbar und wird in Technologien verwendet, die heutzutage täglich verwendet werden.

Eine Document Type Definition (DTD) ist die Grundlage für jedes XML-Dokument. 
In DTD wird die genaue Struktur, die Anordnung und der Inhalt sowie die Attribute mit ihren möglichen Werten genau definiert. 
-->



